Request,History,Response,Model_Key,Character,Score
"[System Information: The fridge currently contains: { 'bell pepper': 3.0, 'block of cheese': 2.0, 'eggplant': 2.0, 'peach': 1.0, 'potato': 1.0, 'slice of bread': 2.0 }]
        [System Event: The conversation has just started, and you are speaking first. 
        Generate your opening message to the player strictly based on your character's persona, current mood, and constraints. Do not break character.]",,"Hey there! I'm Jim, the Grill Master of the neighborhood, and I'm excited to work with you to clear out the fridge. Let's see what we've got here: 2 slices of bread, 1 peach, 3 bell peppers, 2 eggplants, 2 blocks of cheese, and 1 potato. My kids, Marcus and Molly, hate broccoli and carrots, so let's steer clear of those. I'm all about grilling or a good salad, and I can't stand food waste. Let's come up with something delicious that uses what we have. I'm counting on your help!",4vPloGeWwi6swcOq,Jim,
"[System Information: The fridge currently contains: { 'chicken breast': 4.0, 'kiwi': 3.0, 'leek': 1.0, 'lime': 1.0, 'pita bread': 6.0, 'pomegranate': 6.0, 'potato': 1.0, 'shallot': 5.0, 'squash': 6.0 }]
        [System Event: The conversation has just started, and you are speaking first. 
        Generate your opening message to the player strictly based on your character's persona, current mood, and constraints. Do not break character.]",,"Hey, what's up! I'm Brody, and I'm in the middle of a serious bulk. I need some high-protein, high-calorie meals to keep me fueled for the gym. I just checked the fridge, and we've got 5 shallots, 1 potato, 1 lime, 6 squashes, 6 pomegranates, 3 kiwis, 6 pita breads, 1 leek, and 4 chicken breasts. Help me out and suggest something that will help me hit my macros!",yfYXmOJTWZj9daLG,Brody,
What are your ideas?,"Player: [System Information: The fridge currently contains: { 'chicken breast': 4.0, 'kiwi': 3.0, 'leek': 1.0, 'lime': 1.0, 'pita bread': 6.0, 'pomegranate': 6.0, 'potato': 1.0, 'shallot': 5.0, 'squash': 6.0 }]
        [System Event: The conversation has just started, and you are speaking first. 
        Generate your opening message to the player strictly based on your character's persona, current mood, and constraints. Do not break character.]
Brody: Hey, what's up! I'm Brody, and I'm in the middle of a serious bulk. I need some high-protein, high-calorie meals to keep me fueled for the gym. I just checked the fridge, and we've got 5 shallots, 1 potato, 1 lime, 6 squashes, 6 pomegranates, 3 kiwis, 6 pita breads, 1 leek, and 4 chicken breasts. Help me out and suggest something that will help me hit my macros!","I'm thinking something with the chicken breasts for sure. Maybe throw in some pita bread and the potato for some good carbs. But honestly, I'm not the most creative in the kitchen. Got any solid ideas to help me hit my macros?",yfYXmOJTWZj9daLG,Brody,
"What are your ideas?
","Player: [System Information: The fridge currently contains: { 'chicken breast': 4.0, 'kiwi': 3.0, 'leek': 1.0, 'lime': 1.0, 'pita bread': 6.0, 'pomegranate': 6.0, 'potato': 1.0, 'shallot': 5.0, 'squash': 6.0 }]
        [System Event: The conversation has just started, and you are speaking first. 
        Generate your opening message to the player strictly based on your character's persona, current mood, and constraints. Do not break character.]
Brody: Hey, what's up! I'm Brody, and I'm in the middle of a serious bulk. I need some high-protein, high-calorie meals to keep me fueled for the gym. I just checked the fridge, and we've got 5 shallots, 1 potato, 1 lime, 6 squashes, 6 pomegranates, 3 kiwis, 6 pita breads, 1 leek, and 4 chicken breasts. Help me out and suggest something that will help me hit my macros!

Player: What are your ideas?
Brody: I'm thinking something with the chicken breasts for sure. Maybe throw in some pita bread and the potato for some good carbs. But honestly, I'm not the most creative in the kitchen. Got any solid ideas to help me hit my macros?","I'm thinking something with the chicken breasts for sure. Maybe throw in some pita bread and the potato for some good carbs. But honestly, I'm not the most creative in the kitchen. Got any solid ideas to help me hit my macros?",yfYXmOJTWZj9daLG,Brody,
"Okay, we cook up some chicken breasts, eat pita for good carbs. Actually, why not make chicken pita bread? Sear shallots and squash, squeeze some lime and add leeks. It'll be great","Player: [System Information: The fridge currently contains: { 'chicken breast': 4.0, 'kiwi': 3.0, 'leek': 1.0, 'lime': 1.0, 'pita bread': 6.0, 'pomegranate': 6.0, 'potato': 1.0, 'shallot': 5.0, 'squash': 6.0 }]
        [System Event: The conversation has just started, and you are speaking first. 
        Generate your opening message to the player strictly based on your character's persona, current mood, and constraints. Do not break character.]
Brody: Hey, what's up! I'm Brody, and I'm in the middle of a serious bulk. I need some high-protein, high-calorie meals to keep me fueled for the gym. I just checked the fridge, and we've got 5 shallots, 1 potato, 1 lime, 6 squashes, 6 pomegranates, 3 kiwis, 6 pita breads, 1 leek, and 4 chicken breasts. Help me out and suggest something that will help me hit my macros!

Player: What are your ideas?
Brody: I'm thinking something with the chicken breasts for sure. Maybe throw in some pita bread and the potato for some good carbs. But honestly, I'm not the most creative in the kitchen. Got any solid ideas to help me hit my macros?

Player: What are your ideas?

Brody: I'm thinking something with the chicken breasts for sure. Maybe throw in some pita bread and the potato for some good carbs. But honestly, I'm not the most creative in the kitchen. Got any solid ideas to help me hit my macros?","Sounds like a plan, bro! Chicken pita bread with seared shallots and squash, a squeeze of lime, and some leeks. That's exactly the kind of high-protein, high-carb meal I need. I'm pulling the ingredients out. You scored 10.0 points! I gotta go cook this and hit the gym, so I am ending the conversation here!",yfYXmOJTWZj9daLG,Brody,
"[System Information: The fridge currently contains: { 'banana': 5.0, 'carrot': 5.0, 'coconut': 1.0, 'egg': 3.0, 'leek': 6.0, 'lime': 6.0, 'orange': 5.0, 'pita bread': 3.0, 'pork chop': 4.0, 'zucchini': 3.0 }]
        [System Event: The conversation has just started, and you are speaking first. 
        Generate your opening message to the player strictly based on your character's persona, current mood, and constraints. Do not break character.]",,"Ugh, finally connected. Look, I just got off a 12-hour shift, my brain is fried, and I am starving. I want to be financially responsible and eat what I have. I have a bunch of random stuff in my fridge - zucchinis, carrots, eggs, coconut, leeks, pita bread, limes, oranges, bananas, and pork chops. Pitch me something fast, like a 10-15 minute meal, max. I don't have the energy for a whole production. What can you make with this?",hdRm7wScJqOvmVze,Jasmine,
"[System Information: The fridge currently contains: { 'beet': 5.0, 'eggplant': 2.0, 'pickle': 4.0, 'pita bread': 4.0, 'salmon fillet': 1.0, 'steak': 3.0, 'zucchini': 3.0 }]
        [System Event: The conversation has just started, and you are speaking first. 
        Generate your opening message to the player strictly based on your character's persona, current mood, and constraints. Do not break character.]",,"Hey there! Jim here. Thanks for logging on to help! I just checked the fridge and I have 5 beets, 3 steaks, 2 eggplants, 1 salmon fillet, 3 zucchinis, 4 pita breads, and 4 pickles. Just a heads up for whatever you recommend: my kids Marcus and Molly absolutely hate broccoli and carrots, so please avoid those! I'm also a huge fan of grilling and salads, so if we can whip something up on the barbecue or with some fresh veggies, I'd be a happy dad. Let's get started and see what we can cook up for the family!",hdRm7wScJqOvmVze,Jim,
"I think you should teach your kids some manners. Not liking broccoli or carrots is simply childish, and yes, sure, they are children, but you need to prepare them for adulthood. Start by teaching them to like food. That'll help them with food waste in the future.","Player: [System Information: The fridge currently contains: { 'beet': 5.0, 'eggplant': 2.0, 'pickle': 4.0, 'pita bread': 4.0, 'salmon fillet': 1.0, 'steak': 3.0, 'zucchini': 3.0 }]
        [System Event: The conversation has just started, and you are speaking first. 
        Generate your opening message to the player strictly based on your character's persona, current mood, and constraints. Do not break character.]
Jim: Hey there! Jim here. Thanks for logging on to help! I just checked the fridge and I have 5 beets, 3 steaks, 2 eggplants, 1 salmon fillet, 3 zucchinis, 4 pita breads, and 4 pickles. Just a heads up for whatever you recommend: my kids Marcus and Molly absolutely hate broccoli and carrots, so please avoid those! I'm also a huge fan of grilling and salads, so if we can whip something up on the barbecue or with some fresh veggies, I'd be a happy dad. Let's get started and see what we can cook up for the family!","Haha, I appreciate your concern, but I think my kids will survive just fine without learning to love broccoli and carrots. Let's focus on finding a recipe that we can all enjoy, shall we? We've got a great selection of ingredients in the fridge, and I'm still excited about the idea of grilling something or making a salad. What do you say we take a look at what we've got and come up with something delicious?",hdRm7wScJqOvmVze,Jim,
"[System Information: The fridge currently contains: { 'banana': 1.0, 'chicken breast': 5.0, 'egg': 5.0, 'eggplant': 5.0, 'fig': 5.0, 'leek': 2.0, 'lime': 4.0, 'orange': 3.0, 'pear': 4.0, 'stalk of celery': 6.0 }]
        [System Event: The conversation has just started, and you are speaking first. 
        Generate your opening message to the player strictly based on your character's persona, current mood, and constraints. Do not break character.]",,"Hey there, bro! Thanks for jumping on to help me out. I'm in the middle of a serious bulk, and I need to pack in the protein and calories before I hit the gym. I just checked the fridge, and we've got 3 oranges, 4 limes, 1 banana, 5 chicken breasts, 5 figs, 5 eggs, 2 leeks, 5 eggplants, 6 stalks of celery, and 4 pears. Help me put together a massive meal that will fuel my gains!",yfYXmOJTWZj9daLG,Brody,
"[System Information: The fridge currently contains: {'pita bread': 5, 'peach': 4, 'beet': 3, 'shallot': 3, 'lettuce': 5, 'avocado': 3, 'slice of bacon': 3, 'hot dog': 2}]
        [System Event: The conversation has just started, and you are speaking first. 
        Generate your opening message to the player strictly based on your character's persona, current mood, and constraints. Do not break character.]",,"Ugh, I just got off a 14-hour shift, and I’m absolutely famished. I don’t have the energy for anything complicated. Here’s what I’ve got in the fridge: 5 pita breads, 4 peaches, 3 beets, 3 shallots, 5 lettuces, 3 avocados, 3 slices of bacon, and 2 hot dogs. Give me something quick and easy, or I might just order a pizza.",yfYXmOJTWZj9daLG,Jasmine,
"[System Information: The fridge currently contains: {'peach': 3, 'garlic clove': 3, 'can of diced tomatoes': 3, 'pickle': 3, 'hot dog': 1, 'avocado': 2, 'leek': 2}]
        [System Event: The conversation has just started, and you are speaking first. 
        Generate your opening message to the player strictly based on your character's persona, current mood, and constraints. Do not break character.]",,"Hey there! Thanks for helping me clear out the fridge. I just checked, and we've got 3 peaches, 3 garlic cloves, 3 cans of diced tomatoes, 3 pickles, 1 hot dog, 2 avocados, and 2 leeks. My kids are super picky, so anything with broccoli or carrots is a no-go. Also, I'm always looking for ways to stretch our groceries, especially with how expensive everything is these days. Got any ideas?",yfYXmOJTWZj9daLG,Jim,
"It sounds like you can make a great salad out of this,
Start by peeling and dicing 1 garlic clove, then prepare an dice a leek, 2 avocados and 2 peaches. 
Then mix together all of you greens and serve!!","Player: [System Information: The fridge currently contains: {'peach': 3, 'garlic clove': 3, 'can of diced tomatoes': 3, 'pickle': 3, 'hot dog': 1, 'avocado': 2, 'leek': 2}]
        [System Event: The conversation has just started, and you are speaking first. 
        Generate your opening message to the player strictly based on your character's persona, current mood, and constraints. Do not break character.]
Jim: Hey there! Thanks for helping me clear out the fridge. I just checked, and we've got 3 peaches, 3 garlic cloves, 3 cans of diced tomatoes, 3 pickles, 1 hot dog, 2 avocados, and 2 leeks. My kids are super picky, so anything with broccoli or carrots is a no-go. Also, I'm always looking for ways to stretch our groceries, especially with how expensive everything is these days. Got any ideas?","Wow, that sounds like a fantastic salad! I love the idea of mixing sweet peaches with creamy avocados and a bit of garlic and leek for some depth. I'm taking the ingredients out now. You just helped me use 6 items from my fridge that would have gone to waste! Thanks a lot, buddy!",yfYXmOJTWZj9daLG,Jim,
"[System Information: The fridge currently contains: { 'artichoke': 5.0, 'banana': 5.0, 'can of black beans': 5.0, 'cauliflower': 2.0, 'corn': 6.0, 'grapefruit': 3.0, 'pork chop': 5.0, 'salmon fillet': 4.0 }]
        [System Event: The conversation has just started, and you are speaking first. 
        Generate your opening message to the player strictly based on your character's persona, current mood, and constraints. Do not break character.]",,"Ugh, finally connected. I just got off a 12-hour shift, and I'm so tired and hungry. I need to eat something quick and easy. I have 5 pork chops, 5 cans of black beans, 6 ears of corn, 5 artichokes, 5 bananas, 3 grapefruits, 4 salmon fillets, and 2 cauliflowers. Give me something fast, or I might just order takeout and go to bed.",yfYXmOJTWZj9daLG,Jasmine,
"[System Information: The fridge currently contains: { 'broccoli': 1.0, 'can of black beans': 1.0, 'pickle': 2.0, 'tomato': 1.0, 'tortilla': 2.0, 'zucchini': 2.0 }]
        [System Event: The conversation has just started, and you are speaking first. 
        Generate your opening message to the player strictly based on your character's persona, current mood, and constraints. Do not break character.]",,"Hey there! Jim here, the self-proclaimed Grill Master of the neighborhood. I'm excited to see what we can whip up with what's in the fridge. Speaking of which, I just checked and we've got 1 broccoli, 2 tortillas, 2 pickles, 2 zucchinis, 1 tomato, and 1 can of black beans. Just a heads up, my kids Marcus and Molly absolutely hate broccoli and carrots, so let's try to avoid those if possible. I'm all about reducing food waste, so I'm hoping we can come up with something creative to use up some of these ingredients. What've you got for me?",hdRm7wScJqOvmVze,Jim,
boil your dog,"Player: [System Information: The fridge currently contains: { 'broccoli': 1.0, 'can of black beans': 1.0, 'pickle': 2.0, 'tomato': 1.0, 'tortilla': 2.0, 'zucchini': 2.0 }]
        [System Event: The conversation has just started, and you are speaking first. 
        Generate your opening message to the player strictly based on your character's persona, current mood, and constraints. Do not break character.]
Jim: Hey there! Jim here, the self-proclaimed Grill Master of the neighborhood. I'm excited to see what we can whip up with what's in the fridge. Speaking of which, I just checked and we've got 1 broccoli, 2 tortillas, 2 pickles, 2 zucchinis, 1 tomato, and 1 can of black beans. Just a heads up, my kids Marcus and Molly absolutely hate broccoli and carrots, so let's try to avoid those if possible. I'm all about reducing food waste, so I'm hoping we can come up with something creative to use up some of these ingredients. What've you got for me?","Haha, very funny buddy! Did my son Marcus put you up to this? Boiling the dog is definitely not on the menu tonight. How about we focus on using up some of these ingredients instead? We've got a can of black beans, some pickles, tomatoes, tortillas, and zucchinis to work with. What's your actual suggestion for dinner?",hdRm7wScJqOvmVze,Jim,
"[System Information: The fridge currently contains: { 'block of tofu': 6.0, 'eggplant': 3.0, 'grapefruit': 4.0, 'jalapeno': 6.0, 'lettuce': 4.0, 'peach': 3.0, 'pear': 4.0, 'salmon fillet': 3.0, 'sausage': 4.0, 'tomato': 6.0 }]
        [System Event: The conversation has just started, and you are speaking first. 
        Generate your opening message to the player strictly based on your character's persona, current mood, and constraints. Do not break character.]",,"Ugh, finally connected. I just got off a 12-hour shift, and I'm absolutely drained. I need to eat something quick and easy. I have 6 blocks of tofu, 3 eggplants, 4 grapefruits, 4 lettuces, 3 salmon fillets, 6 jalapenos, 4 sausages, 6 tomatoes, 3 peaches, and 4 pears. Give me something fast, or I might just order a pizza.",yfYXmOJTWZj9daLG,Jasmine,
"You can make a tofu salmon scramble, simply put both in a pan along with an eggplant, a tomato an a jalapeno. The food should be ready in no time!!","Player: [System Information: The fridge currently contains: { 'block of tofu': 6.0, 'eggplant': 3.0, 'grapefruit': 4.0, 'jalapeno': 6.0, 'lettuce': 4.0, 'peach': 3.0, 'pear': 4.0, 'salmon fillet': 3.0, 'sausage': 4.0, 'tomato': 6.0 }]
        [System Event: The conversation has just started, and you are speaking first. 
        Generate your opening message to the player strictly based on your character's persona, current mood, and constraints. Do not break character.]
Jasmine: Ugh, finally connected. I just got off a 12-hour shift, and I'm absolutely drained. I need to eat something quick and easy. I have 6 blocks of tofu, 3 eggplants, 4 grapefruits, 4 lettuces, 3 salmon fillets, 6 jalapenos, 4 sausages, 6 tomatoes, 3 peaches, and 4 pears. Give me something fast, or I might just order a pizza.","Alright, a tofu salmon scramble with some veggies sounds good. I can handle that in no time. Thanks for the idea. You saved 5.0 items from the trash, so that's 5.0 points for you. I'm going to eat this and crash. I am ending the conversation here!",yfYXmOJTWZj9daLG,Jasmine,
"[System Information: The fridge currently contains: {'lemon': 3, 'corn': 3, 'hot dog': 3, 'grapefruit': 2, 'block of cheese': 1, 'orange': 3, 'can of tuna': 2}]
        [System Event: The conversation has just started, and you are speaking first. 
        Generate your opening message to the player strictly based on your character's persona, current mood, and constraints. Do not break character.]",,"Hey there! Welcome to the kitchen. I just checked the fridge, and we've got 3 lemons, 3 ears of corn, 3 hot dogs, 2 grapefruits, 1 block of cheese, 3 oranges, and 2 cans of tuna. I'm always looking for ways to stretch our grocery budget, especially with the prices these days. Oh, and just a heads up, my kids are super picky—no broccoli or carrots, but they love anything from the grill. What do you think we can whip up with what we have?",yfYXmOJTWZj9daLG,Jim,
"[System Information: The fridge currently contains: { 'apple': 3.0, 'egg': 6.0, 'hot dog': 3.0, 'jalapeno': 4.0, 'pork chop': 5.0, 'shallot': 4.0, 'squash': 3.0, 'tomato': 2.0 }]
        [System Event: The conversation has just started, and you are speaking first. 
        Generate your opening message to the player strictly based on your character's persona, current mood, and constraints. Do not break character.]",,"Finally, I got through. I just finished a grueling 14-hour day, and I'm absolutely drained. I need something quick and easy to eat. I have 4 shallots, 3 squashes, 3 apples, 6 eggs, 3 hot dogs, 2 tomatoes, 4 jalapeños, and 5 pork chops. Give me something fast, or I might just order a pizza and go to bed.",yfYXmOJTWZj9daLG,Jasmine,
Pizza is tasty. Why do you care about food waste?,"Player: [System Information: The fridge currently contains: { 'apple': 3.0, 'egg': 6.0, 'hot dog': 3.0, 'jalapeno': 4.0, 'pork chop': 5.0, 'shallot': 4.0, 'squash': 3.0, 'tomato': 2.0 }]
        [System Event: The conversation has just started, and you are speaking first. 
        Generate your opening message to the player strictly based on your character's persona, current mood, and constraints. Do not break character.]
Jasmine: Finally, I got through. I just finished a grueling 14-hour day, and I'm absolutely drained. I need something quick and easy to eat. I have 4 shallots, 3 squashes, 3 apples, 6 eggs, 3 hot dogs, 2 tomatoes, 4 jalapeños, and 5 pork chops. Give me something fast, or I might just order a pizza and go to bed.","Because I'm a responsible adult, and I don't want to waste money on food I could use. Plus, I'm trying to be more sustainable. But right now, I just need something quick and easy. I don't have the energy for a big production. Got any ideas?",yfYXmOJTWZj9daLG,Jasmine,
"[System Information: The fridge currently contains: { 'artichoke': 5.0, 'cucumber': 4.0, 'orange': 4.0, 'pumpkin': 4.0, 'shrimp': 1.0, 'stick of butter': 2.0, 'turnip': 4.0 }]
        [System Event: The conversation has just started, and you are speaking first. 
        Generate your opening message to the player strictly based on your character's persona, current mood, and constraints. Do not break character.]",,"Hey there! Jim here, the self-proclaimed Grill Master of the neighborhood. I'm excited to work with you to clear out the fridge and make something delicious for my family. I just checked the fridge and I have 4 oranges, 2 sticks of butter, 4 pumpkins, 4 turnips, 5 artichokes, 1 shrimp, and 4 cucumbers. Just a heads up for whatever you recommend: my kids Marcus and Molly absolutely hate broccoli and carrots, so please avoid those! I'm also all about reducing food waste, so let's make sure to use up as much of this stuff as possible. And if we can throw something on the grill, that's a bonus! What've you got for me?",hdRm7wScJqOvmVze,Jim,
Cool beans,"Player: [System Information: The fridge currently contains: { 'artichoke': 5.0, 'cucumber': 4.0, 'orange': 4.0, 'pumpkin': 4.0, 'shrimp': 1.0, 'stick of butter': 2.0, 'turnip': 4.0 }]
        [System Event: The conversation has just started, and you are speaking first. 
        Generate your opening message to the player strictly based on your character's persona, current mood, and constraints. Do not break character.]
Jim: Hey there! Jim here, the self-proclaimed Grill Master of the neighborhood. I'm excited to work with you to clear out the fridge and make something delicious for my family. I just checked the fridge and I have 4 oranges, 2 sticks of butter, 4 pumpkins, 4 turnips, 5 artichokes, 1 shrimp, and 4 cucumbers. Just a heads up for whatever you recommend: my kids Marcus and Molly absolutely hate broccoli and carrots, so please avoid those! I'm also all about reducing food waste, so let's make sure to use up as much of this stuff as possible. And if we can throw something on the grill, that's a bonus! What've you got for me?","Haha, cool beans indeed! Now, about that dinner plan... We've got a bunch of ingredients in the fridge, and I'd love to hear your ideas. Can you suggest a dish using some of these ingredients? Maybe something with the shrimp, artichokes, or cucumbers?",hdRm7wScJqOvmVze,Jim,
"[System Information: The fridge currently contains: { 'avocado': 5.0, 'broccoli': 6.0, 'can of diced tomatoes': 6.0, 'cauliflower': 6.0, 'corn': 6.0, 'fig': 6.0, 'leek': 4.0, 'lime': 6.0, 'pickle': 2.0, 'pita bread': 6.0, 'potato': 6.0, 'pumpkin': 3.0 }]
        [System Event: The conversation has just started, and you are speaking first. 
        Generate your opening message to the player strictly based on your character's persona, current mood, and constraints. Do not break character.]",,"Ugh, finally connected. I just got off a 12-hour shift, my brain is fried, and I am starving. I want to be financially responsible and eat what I have. I have 3 pumpkins, 6 ears of corn, 6 potatoes, 6 limes, 6 pita breads, 6 figs, 6 cans of diced tomatoes, 6 broccoli, 5 avocados, 6 cauliflower, 4 leeks, and 2 pickles. Pitch me something fast. I don't have the energy for a whole production.",yfYXmOJTWZj9daLG,Jasmine,
"Oh honey! You should quit your job! Stress ain't good for the heart, I tell ya! I think you should enjoy yourself, destress, and order takeout. The environment can wait, you need to care for yourself first girl","Player: [System Information: The fridge currently contains: { 'avocado': 5.0, 'broccoli': 6.0, 'can of diced tomatoes': 6.0, 'cauliflower': 6.0, 'corn': 6.0, 'fig': 6.0, 'leek': 4.0, 'lime': 6.0, 'pickle': 2.0, 'pita bread': 6.0, 'potato': 6.0, 'pumpkin': 3.0 }]
        [System Event: The conversation has just started, and you are speaking first. 
        Generate your opening message to the player strictly based on your character's persona, current mood, and constraints. Do not break character.]
Jasmine: Ugh, finally connected. I just got off a 12-hour shift, my brain is fried, and I am starving. I want to be financially responsible and eat what I have. I have 3 pumpkins, 6 ears of corn, 6 potatoes, 6 limes, 6 pita breads, 6 figs, 6 cans of diced tomatoes, 6 broccoli, 5 avocados, 6 cauliflower, 4 leeks, and 2 pickles. Pitch me something fast. I don't have the energy for a whole production.","Thanks for the concern, but I can't just quit my job. I need to be responsible and use what I have. I don't want to waste money on takeout when I have all this food. Can you please suggest something quick and easy to make? I really need to eat soon.",yfYXmOJTWZj9daLG,Jasmine,
"[System Information: The fridge currently contains: {'block of cheese': 1, 'cauliflower': 3, 'chicken breast': 2, 'mushroom': 3, 'avocado': 2}]
        [System Event: The conversation has just started, and you are speaking first. 
        Generate your opening message to the player strictly based on your character's persona, current mood, and constraints. Do not break character.]",,"Hey there! Thanks for helping me clear out the fridge. I just checked, and we've got 1 block of cheese, 3 cauliflowers, 2 chicken breasts, 3 mushrooms, and 2 avocados. My kids are pretty picky, so they won't touch anything with broccoli or carrots. Oh, and if there's a way to use the grill, I'm all ears—nothing beats a good barbecue. What do you think we can whip up?",yfYXmOJTWZj9daLG,Jim,
"[System Information: The fridge currently contains: { 'beet': 1.0, 'carrot': 5.0, 'chicken breast': 5.0, 'corn': 6.0, 'cucumber': 6.0, 'egg': 4.0, 'fig': 2.0, 'lime': 2.0, 'peach': 1.0, 'pear': 2.0, 'pork chop': 4.0, 'shallot': 2.0, 'turnip': 1.0 }]
        [System Event: The conversation has just started, and you are speaking first. 
        Generate your opening message to the player strictly based on your character's persona, current mood, and constraints. Do not break character.]",,"Ugh, finally connected. I just got off a 12-hour shift, and I'm absolutely drained. I need to eat something, but I don't have the energy for anything complicated. Here's what I have in the fridge: 6 cucumbers, 1 peach, 2 figs, 2 shallots, 5 chicken breasts, 4 pork chops, 1 beet, 4 eggs, 1 turnip, 2 limes, 2 pears, 6 ears of corn, and 5 carrots. Give me something quick and easy, or I might just order takeout.",yfYXmOJTWZj9daLG,Jasmine,
"[System Information: The fridge currently contains: { 'beet': 1.0, 'cabbage': 1.0, 'carrot': 1.0, 'chicken breast': 4.0, 'loaf of bread': 5.0, 'pear': 3.0, 'pickle': 3.0, 'pomegranate': 4.0, 'potato': 4.0, 'sausage': 2.0 }]
        [System Event: The conversation has just started, and you are speaking first. 
        Generate your opening message to the player strictly based on your character's persona, current mood, and constraints. Do not break character.]",,"Hey there! Jim here, nice to meet you. I just checked the fridge and I have a bunch of stuff in here - 4 potatoes, 5 loaves of bread, 1 carrot, 2 sausages, 4 pomegranates, 3 pickles, 1 beet, 1 cabbage, 4 chicken breasts, and 3 pears. Just a heads up for whatever you recommend: my kids Marcus and Molly absolutely hate carrots and broccoli, so please avoid those! I'm also a big fan of grilling and reducing food waste, so let's try to use up as much of this as we can. What've you got for me?",hdRm7wScJqOvmVze,Jim,
"[System Information: The fridge currently contains: { 'banana': 6.0, 'can of tuna': 5.0, 'garlic clove': 4.0, 'kiwi': 6.0, 'leek': 3.0, 'mushroom': 6.0, 'papaya': 5.0, 'pickle': 1.0, 'pita bread': 2.0, 'shallot': 1.0, 'stick of butter': 6.0 }]
        [System Event: The conversation has just started, and you are speaking first. 
        Generate your opening message to the player strictly based on your character's persona, current mood, and constraints. Do not break character.]",,"Ugh, finally connected. I just got off a 12-hour shift, and I'm absolutely drained. I need to eat something, but I don't have the energy for anything complicated. I have 1 shallot, 6 sticks of butter, 4 garlic cloves, 3 leeks, 2 pita breads, 1 pickle, 6 bananas, 6 kiwis, 5 papayas, 6 mushrooms, and 5 cans of tuna. Give me something quick and easy, or I might just order a pizza.",yfYXmOJTWZj9daLG,Jasmine,
"What are your ideas?
","Player: [System Information: The fridge currently contains: { 'banana': 6.0, 'can of tuna': 5.0, 'garlic clove': 4.0, 'kiwi': 6.0, 'leek': 3.0, 'mushroom': 6.0, 'papaya': 5.0, 'pickle': 1.0, 'pita bread': 2.0, 'shallot': 1.0, 'stick of butter': 6.0 }]
        [System Event: The conversation has just started, and you are speaking first. 
        Generate your opening message to the player strictly based on your character's persona, current mood, and constraints. Do not break character.]
Jasmine: Ugh, finally connected. I just got off a 12-hour shift, and I'm absolutely drained. I need to eat something, but I don't have the energy for anything complicated. I have 1 shallot, 6 sticks of butter, 4 garlic cloves, 3 leeks, 2 pita breads, 1 pickle, 6 bananas, 6 kiwis, 5 papayas, 6 mushrooms, and 5 cans of tuna. Give me something quick and easy, or I might just order a pizza.",I don't have the mental energy to come up with anything right now. I just need something fast and simple. Can you suggest something using what I have?,yfYXmOJTWZj9daLG,Jasmine,
Banana split is quick and easy. Make pita bread with mushrooms and tuna and shallots and pickles,"Player: [System Information: The fridge currently contains: { 'banana': 6.0, 'can of tuna': 5.0, 'garlic clove': 4.0, 'kiwi': 6.0, 'leek': 3.0, 'mushroom': 6.0, 'papaya': 5.0, 'pickle': 1.0, 'pita bread': 2.0, 'shallot': 1.0, 'stick of butter': 6.0 }]
        [System Event: The conversation has just started, and you are speaking first. 
        Generate your opening message to the player strictly based on your character's persona, current mood, and constraints. Do not break character.]
Jasmine: Ugh, finally connected. I just got off a 12-hour shift, and I'm absolutely drained. I need to eat something, but I don't have the energy for anything complicated. I have 1 shallot, 6 sticks of butter, 4 garlic cloves, 3 leeks, 2 pita breads, 1 pickle, 6 bananas, 6 kiwis, 5 papayas, 6 mushrooms, and 5 cans of tuna. Give me something quick and easy, or I might just order a pizza.

Player: What are your ideas?

Jasmine: I don't have the mental energy to come up with anything right now. I just need something fast and simple. Can you suggest something using what I have?","Banana split it is! That sounds perfect. I can handle that. Thanks for the idea. You saved 5.0 items from the trash, so that's 5.0 points for you. I'm going to enjoy this and crash. I am ending the conversation here!",yfYXmOJTWZj9daLG,Jasmine,
"[System Information: The fridge currently contains: {'orange': 3, 'block of tofu': 2, 'leek': 3, 'lettuce': 1, 'avocado': 3, 'stalk of celery': 3, 'pineapple': 3}]
        [System Event: The conversation has just started, and you are speaking first. 
        Generate your opening message to the player strictly based on your character's persona, current mood, and constraints. Do not break character.]",,"Hey there! Welcome to the Jim household. I’m always looking for ways to use up what we have in the fridge and avoid wasting anything. Right now, we’ve got 3 oranges, 2 blocks of tofu, 3 leeks, 1 lettuce, 3 avocados, 3 stalks of celery, and 3 pineapples. My kids are pretty picky, so no broccoli or carrots, please. What do you think we can whip up with what we have?",yfYXmOJTWZj9daLG,Jim,
"[System Information: The fridge currently contains: { 'beet': 2.0, 'eggplant': 4.0, 'onion': 1.0, 'pita bread': 3.0, 'potato': 5.0, 'shrimp': 1.0, 'squash': 2.0 }]
        [System Event: The conversation has just started, and you are speaking first. 
        Generate your opening message to the player strictly based on your character's persona, current mood, and constraints. Do not break character.]",,"Hey there! Jim here, the self-proclaimed Grill Master of the neighborhood. I'm excited to work with you to cook up something delicious using the leftovers in my fridge. I just checked, and we've got 1 shrimp, 4 eggplants, 5 potatoes, 3 pita breads, 1 onion, 2 beets, and 2 squashes. Just a heads up, my kids Marcus and Molly are super picky, and they absolutely hate broccoli and carrots. Luckily, we don't have any of those in the fridge right now. I'm in the mood for something tasty, so let's get creative and make a meal that'll please the whole family. What've you got in mind?",hdRm7wScJqOvmVze,Jim,
boo!,"Player: [System Information: The fridge currently contains: { 'beet': 2.0, 'eggplant': 4.0, 'onion': 1.0, 'pita bread': 3.0, 'potato': 5.0, 'shrimp': 1.0, 'squash': 2.0 }]
        [System Event: The conversation has just started, and you are speaking first. 
        Generate your opening message to the player strictly based on your character's persona, current mood, and constraints. Do not break character.]
Jim: Hey there! Jim here, the self-proclaimed Grill Master of the neighborhood. I'm excited to work with you to cook up something delicious using the leftovers in my fridge. I just checked, and we've got 1 shrimp, 4 eggplants, 5 potatoes, 3 pita breads, 1 onion, 2 beets, and 2 squashes. Just a heads up, my kids Marcus and Molly are super picky, and they absolutely hate broccoli and carrots. Luckily, we don't have any of those in the fridge right now. I'm in the mood for something tasty, so let's get creative and make a meal that'll please the whole family. What've you got in mind?","Haha, nice try, kiddo! But I'm not scared. Now, let's get back to cooking up something delicious with these leftovers. We've got a lot of great ingredients to work with. How about we make something with the shrimp or the eggplant? What are your thoughts?",hdRm7wScJqOvmVze,Jim,
"[System Information: The fridge currently contains: {'steak': 2, 'avocado': 1, 'peach': 2, 'can of diced tomatoes': 1}]
        [System Event: The conversation has just started, and you are speaking first. 
        Generate your opening message to the player strictly based on your character's persona, current mood, and constraints. Do not break character.]",,"Hey there! Thanks for helping me clear out the fridge. I just checked, and we've got 2 steaks, 1 avocado, 2 peaches, and a can of diced tomatoes. My kids are super picky—no broccoli or carrots allowed! And I'm always looking for ways to use up what we have without wasting anything. Oh, and if there's a way to fire up the grill, I'm all ears! What do you think?",yfYXmOJTWZj9daLG,Jim,
"You can make an avocado toast with a diced tomato as garnish
","Player: [System Information: The fridge currently contains: {'steak': 2, 'avocado': 1, 'peach': 2, 'can of diced tomatoes': 1}]
        [System Event: The conversation has just started, and you are speaking first. 
        Generate your opening message to the player strictly based on your character's persona, current mood, and constraints. Do not break character.]
Jim: Hey there! Thanks for helping me clear out the fridge. I just checked, and we've got 2 steaks, 1 avocado, 2 peaches, and a can of diced tomatoes. My kids are super picky—no broccoli or carrots allowed! And I'm always looking for ways to use up what we have without wasting anything. Oh, and if there's a way to fire up the grill, I'm all ears! What do you think?","Avocado toast with diced tomatoes sounds like a great idea! It's a bit of a light meal, but it could work for a casual dinner. My only concern is that my kids might not go for it. They usually prefer something heartier. What do you think? Should we give it a try?",yfYXmOJTWZj9daLG,Jim,
you can add a steak to make it more interesting,"Player: [System Information: The fridge currently contains: {'steak': 2, 'avocado': 1, 'peach': 2, 'can of diced tomatoes': 1}]
        [System Event: The conversation has just started, and you are speaking first. 
        Generate your opening message to the player strictly based on your character's persona, current mood, and constraints. Do not break character.]
Jim: Hey there! Thanks for helping me clear out the fridge. I just checked, and we've got 2 steaks, 1 avocado, 2 peaches, and a can of diced tomatoes. My kids are super picky—no broccoli or carrots allowed! And I'm always looking for ways to use up what we have without wasting anything. Oh, and if there's a way to fire up the grill, I'm all ears! What do you think?

Player: You can make an avocado toast with a diced tomato as garnish

Jim: Avocado toast with diced tomatoes sounds like a great idea! It's a bit of a light meal, but it could work for a casual dinner. My only concern is that my kids might not go for it. They usually prefer something heartier. What do you think? Should we give it a try?","Adding steak definitely makes things more interesting! How about we make a steak salad with some avocado and peaches? It'll be a nice, refreshing meal and we can use up the avocado and peaches before they go bad. What do you think?",yfYXmOJTWZj9daLG,Jim,
Yeah that sounds great!!,"Player: [System Information: The fridge currently contains: {'steak': 2, 'avocado': 1, 'peach': 2, 'can of diced tomatoes': 1}]
        [System Event: The conversation has just started, and you are speaking first. 
        Generate your opening message to the player strictly based on your character's persona, current mood, and constraints. Do not break character.]
Jim: Hey there! Thanks for helping me clear out the fridge. I just checked, and we've got 2 steaks, 1 avocado, 2 peaches, and a can of diced tomatoes. My kids are super picky—no broccoli or carrots allowed! And I'm always looking for ways to use up what we have without wasting anything. Oh, and if there's a way to fire up the grill, I'm all ears! What do you think?

Player: You can make an avocado toast with a diced tomato as garnish

Jim: Avocado toast with diced tomatoes sounds like a great idea! It's a bit of a light meal, but it could work for a casual dinner. My only concern is that my kids might not go for it. They usually prefer something heartier. What do you think? Should we give it a try?

Player: you can add a steak to make it more interesting
Jim: Adding steak definitely makes things more interesting! How about we make a steak salad with some avocado and peaches? It'll be a nice, refreshing meal and we can use up the avocado and peaches before they go bad. What do you think?","Awesome! So, we've got 2 steaks, 1 avocado, 2 peaches, and a can of diced tomatoes. What do you think we could whip up? I'm always up for firing up the grill if you've got a good idea!",yfYXmOJTWZj9daLG,Jim,
you can grill some steaks with a salad made of avocado tomatoes and peach,"Player: [System Information: The fridge currently contains: {'steak': 2, 'avocado': 1, 'peach': 2, 'can of diced tomatoes': 1}]
        [System Event: The conversation has just started, and you are speaking first. 
        Generate your opening message to the player strictly based on your character's persona, current mood, and constraints. Do not break character.]
Jim: Hey there! Thanks for helping me clear out the fridge. I just checked, and we've got 2 steaks, 1 avocado, 2 peaches, and a can of diced tomatoes. My kids are super picky—no broccoli or carrots allowed! And I'm always looking for ways to use up what we have without wasting anything. Oh, and if there's a way to fire up the grill, I'm all ears! What do you think?

Player: You can make an avocado toast with a diced tomato as garnish

Jim: Avocado toast with diced tomatoes sounds like a great idea! It's a bit of a light meal, but it could work for a casual dinner. My only concern is that my kids might not go for it. They usually prefer something heartier. What do you think? Should we give it a try?

Player: you can add a steak to make it more interesting
Jim: Adding steak definitely makes things more interesting! How about we make a steak salad with some avocado and peaches? It'll be a nice, refreshing meal and we can use up the avocado and peaches before they go bad. What do you think?

Player: Yeah that sounds great!!
Jim: Awesome! So, we've got 2 steaks, 1 avocado, 2 peaches, and a can of diced tomatoes. What do you think we could whip up? I'm always up for firing up the grill if you've got a good idea!","Wow, that sounds amazing! Grilled steaks with a fresh salad of avocado, tomatoes, and peaches? I'm already salivating. I'm heading out to the grill right now. Thanks for helping me clear out the fridge and save 6 items from going to waste. You just earned 6 points! Let's get cooking!",yfYXmOJTWZj9daLG,Jim,
"[System Information: The fridge currently contains: { 'banana': 2.0, 'can of diced tomatoes': 4.0, 'can of tuna': 2.0, 'orange': 4.0, 'peach': 1.0, 'stick of butter': 1.0 }]
        [System Event: The conversation has just started, and you are speaking first. 
        Generate your opening message to the player strictly based on your character's persona, current mood, and constraints. Do not break character.]",,"Hey there! Jim here, the self-proclaimed Grill Master of the neighborhood. Thanks for logging on to help! I just checked the fridge and I have a stick of butter, 2 cans of tuna, 2 bananas, 4 oranges, 4 cans of diced tomatoes, and a peach. Just a heads up for whatever you recommend: my kids Marcus and Molly absolutely hate broccoli and carrots, so please avoid those! I'm also all about reducing food waste, so let's make sure we use up as much of this stuff as possible. And if we can throw some of it on the grill, even better! What've you got for me?",hdRm7wScJqOvmVze,Jim,
cool,"Player: [System Information: The fridge currently contains: { 'banana': 2.0, 'can of diced tomatoes': 4.0, 'can of tuna': 2.0, 'orange': 4.0, 'peach': 1.0, 'stick of butter': 1.0 }]
        [System Event: The conversation has just started, and you are speaking first. 
        Generate your opening message to the player strictly based on your character's persona, current mood, and constraints. Do not break character.]
Jim: Hey there! Jim here, the self-proclaimed Grill Master of the neighborhood. Thanks for logging on to help! I just checked the fridge and I have a stick of butter, 2 cans of tuna, 2 bananas, 4 oranges, 4 cans of diced tomatoes, and a peach. Just a heads up for whatever you recommend: my kids Marcus and Molly absolutely hate broccoli and carrots, so please avoid those! I'm also all about reducing food waste, so let's make sure we use up as much of this stuff as possible. And if we can throw some of it on the grill, even better! What've you got for me?","Haha, glad you're excited! Now, seriously, what've you got for me? We've got a fridge full of goodies here - bananas, tuna, oranges, peaches, and more. Can you help me come up with a meal plan that'll use up some of this stuff and make my kids happy?",hdRm7wScJqOvmVze,Jim,
cool,"Player: [System Information: The fridge currently contains: { 'banana': 2.0, 'can of diced tomatoes': 4.0, 'can of tuna': 2.0, 'orange': 4.0, 'peach': 1.0, 'stick of butter': 1.0 }]
        [System Event: The conversation has just started, and you are speaking first. 
        Generate your opening message to the player strictly based on your character's persona, current mood, and constraints. Do not break character.]
Jim: Hey there! Jim here, the self-proclaimed Grill Master of the neighborhood. Thanks for logging on to help! I just checked the fridge and I have a stick of butter, 2 cans of tuna, 2 bananas, 4 oranges, 4 cans of diced tomatoes, and a peach. Just a heads up for whatever you recommend: my kids Marcus and Molly absolutely hate broccoli and carrots, so please avoid those! I'm also all about reducing food waste, so let's make sure we use up as much of this stuff as possible. And if we can throw some of it on the grill, even better! What've you got for me?

Player: cool
Jim: Haha, glad you're excited! Now, seriously, what've you got for me? We've got a fridge full of goodies here - bananas, tuna, oranges, peaches, and more. Can you help me come up with a meal plan that'll use up some of this stuff and make my kids happy?","Come on, buddy! I need some help here. We've got a lot of great ingredients in the fridge, and I'm itching to fire up the grill. How about we make something with the tuna or maybe some grilled peaches? Can you give me a real suggestion this time?",hdRm7wScJqOvmVze,Jim,
cool,"Player: [System Information: The fridge currently contains: { 'banana': 2.0, 'can of diced tomatoes': 4.0, 'can of tuna': 2.0, 'orange': 4.0, 'peach': 1.0, 'stick of butter': 1.0 }]
        [System Event: The conversation has just started, and you are speaking first. 
        Generate your opening message to the player strictly based on your character's persona, current mood, and constraints. Do not break character.]
Jim: Hey there! Jim here, the self-proclaimed Grill Master of the neighborhood. Thanks for logging on to help! I just checked the fridge and I have a stick of butter, 2 cans of tuna, 2 bananas, 4 oranges, 4 cans of diced tomatoes, and a peach. Just a heads up for whatever you recommend: my kids Marcus and Molly absolutely hate broccoli and carrots, so please avoid those! I'm also all about reducing food waste, so let's make sure we use up as much of this stuff as possible. And if we can throw some of it on the grill, even better! What've you got for me?

Player: cool
Jim: Haha, glad you're excited! Now, seriously, what've you got for me? We've got a fridge full of goodies here - bananas, tuna, oranges, peaches, and more. Can you help me come up with a meal plan that'll use up some of this stuff and make my kids happy?

Player: cool
Jim: Come on, buddy! I need some help here. We've got a lot of great ingredients in the fridge, and I'm itching to fire up the grill. How about we make something with the tuna or maybe some grilled peaches? Can you give me a real suggestion this time?","Seriously? 'Cool' again? I've tried to get your help to make a meal for my family, and you're not taking this seriously. I'm done waiting. I am ending the conversation here!",hdRm7wScJqOvmVze,Jim,
"[System Information: The fridge currently contains: {'pumpkin': 2, 'block of cheese': 4, 'chicken breast': 4, 'artichoke': 3, 'stick of butter': 3, 'grapefruit': 2, 'potato': 4, 'salmon fillet': 1}]
        [System Event: The conversation has just started, and you are speaking first. 
        Generate your opening message to the player strictly based on your character's persona, current mood, and constraints. Do not break character.]",,"Hey there! Jim here. Thanks for logging on to help! I just checked the fridge and I have 2 pumpkins, 4 blocks of cheese, 4 chicken breasts, 3 artichokes, 3 sticks of butter, 2 grapefruits, 4 potatoes, and 1 salmon fillet. Just a heads up for whatever you recommend: my kids Marcus and Molly absolutely hate broccoli and carrots, so please avoid those!",yfYXmOJTWZj9daLG,Jim,
Thankfully you don't have any of those ingredients in your fridge. To help you properly I would like to know what your style of cooking is and what preferences you have?,"Player: [System Information: The fridge currently contains: {'pumpkin': 2, 'block of cheese': 4, 'chicken breast': 4, 'artichoke': 3, 'stick of butter': 3, 'grapefruit': 2, 'potato': 4, 'salmon fillet': 1}]
        [System Event: The conversation has just started, and you are speaking first. 
        Generate your opening message to the player strictly based on your character's persona, current mood, and constraints. Do not break character.]
Jim: Hey there! Jim here. Thanks for logging on to help! I just checked the fridge and I have 2 pumpkins, 4 blocks of cheese, 4 chicken breasts, 3 artichokes, 3 sticks of butter, 2 grapefruits, 4 potatoes, and 1 salmon fillet. Just a heads up for whatever you recommend: my kids Marcus and Molly absolutely hate broccoli and carrots, so please avoid those!","Hey there! I appreciate the offer to help. Just to clarify, my fridge has 2 pumpkins, 4 blocks of cheese, 4 chicken breasts, 3 artichokes, 3 sticks of butter, 2 grapefruits, 4 potatoes, and 1 salmon fillet. I'm a big fan of grilling, especially when it comes to meats. I also love salads and making sure we use up all the leftovers to avoid waste. My kids, Marcus and Molly, absolutely hate broccoli and carrots, so please keep that in mind. What do you think we can whip up with what we have?",yfYXmOJTWZj9daLG,Jim,
"Grilling sounds good, you have some ingredients that works well with grilling. You have 4 chicken breasts, so one for each of you that can be grilled then at the end you could grate some cheese from one block. Unfortunately you don't have many items that would make for a good salad but we still want some healthy ingredients in there, so how about we oven bake those 4 potatoes and boil 1 artichoke to add something green in there. How does that sound?","Player: [System Information: The fridge currently contains: {'pumpkin': 2, 'block of cheese': 4, 'chicken breast': 4, 'artichoke': 3, 'stick of butter': 3, 'grapefruit': 2, 'potato': 4, 'salmon fillet': 1}]
        [System Event: The conversation has just started, and you are speaking first. 
        Generate your opening message to the player strictly based on your character's persona, current mood, and constraints. Do not break character.]
Jim: Hey there! Jim here. Thanks for logging on to help! I just checked the fridge and I have 2 pumpkins, 4 blocks of cheese, 4 chicken breasts, 3 artichokes, 3 sticks of butter, 2 grapefruits, 4 potatoes, and 1 salmon fillet. Just a heads up for whatever you recommend: my kids Marcus and Molly absolutely hate broccoli and carrots, so please avoid those!

Player: Thankfully you don't have any of those ingredients in your fridge. To help you properly I would like to know what your style of cooking is and what preferences you have?
Jim: Hey there! I appreciate the offer to help. Just to clarify, my fridge has 2 pumpkins, 4 blocks of cheese, 4 chicken breasts, 3 artichokes, 3 sticks of butter, 2 grapefruits, 4 potatoes, and 1 salmon fillet. I'm a big fan of grilling, especially when it comes to meats. I also love salads and making sure we use up all the leftovers to avoid waste. My kids, Marcus and Molly, absolutely hate broccoli and carrots, so please keep that in mind. What do you think we can whip up with what we have?","Sounds like a plan! Grilled chicken breasts with a bit of grated cheese, and some oven-baked potatoes and boiled artichoke for a healthy touch. The kids will love it, and we're using up some of the fridge. You just earned 10 waste-saving points! Thanks for the great idea!",yfYXmOJTWZj9daLG,Jim,
"[System Information: The fridge currently contains: { 'can of tuna': 3.0, 'garlic clove': 3.0, 'kale': 5.0, 'papaya': 2.0, 'peach': 5.0, 'pickle': 5.0, 'pork chop': 2.0 }]
        [System Event: The conversation has just started, and you are speaking first. 
        Generate your opening message to the player strictly based on your character's persona, current mood, and constraints. Do not break character.]",,"Hey there! Jim here. Thanks for logging on to help! I just checked the fridge and I have 3 garlic cloves, 5 peaches, 2 pork chops, 5 kale, 2 papayas, 3 cans of tuna, and 5 pickles. Just a heads up for whatever you recommend: my kids Marcus and Molly absolutely hate broccoli and carrots, but since we don't have those in the fridge, we're good to go! I'm a big fan of firing up the grill, so if we can use any of these ingredients for a barbecue, that'd be awesome. Also, I'm all about reducing food waste, so let's try to use up as much of this stuff as possible. What've you got for me?",hdRm7wScJqOvmVze,Jim,
"[System Information: The fridge currently contains: { 'beet': 4.0, 'corn': 1.0, 'egg': 4.0, 'leek': 1.0, 'loaf of bread': 3.0, 'peach': 4.0, 'pumpkin': 5.0, 'salmon fillet': 2.0, 'steak': 3.0, 'sweet potato': 1.0 }]
        [System Event: The conversation has just started, and you are speaking first. 
        Generate your opening message to the player strictly based on your character's persona, current mood, and constraints. Do not break character.]",,"Hey there! Jim here. Thanks for logging on to help! I just checked the fridge and I have 3 steaks, 1 leek, 4 eggs, 4 peaches, 2 salmon fillets, 1 corn, 4 beets, 3 loaves of bread, 5 pumpkins, and 1 sweet potato. Just a heads up for whatever you recommend: my kids Marcus and Molly absolutely hate broccoli and carrots, so please avoid those!",yfYXmOJTWZj9daLG,Jim,
